Question,Answer
1. What is correlation in statistics and how is it measured?,"Correlation in statistics is a measure that expresses the extent to which two variables are linearly related. It is measured using correlation coefficients, which range from -1 to 1. A value of 0 indicates no linear relationship, a value of 1 indicates a perfect positive linear relationship, and a value of -1 indicates a perfect negative linear relationship."
2. What does a correlation coefficient of 0 indicate?,A correlation coefficient of 0 indicates no linear relationship between the two variables.
3. How can correlation be used to identify relationships between variables?,"Correlation can be used to identify relationships between variables by determining whether there is a positive or negative relationship between two variables. A correlation coefficient close to 1 indicates a strong positive relationship, while a correlation coefficient close to -1 indicates a strong negative relationship. This information can be useful for understanding the connections between different factors in a complex system."
4. Give an example of how correlation can be used to make predictions in a specific field.,"A financial analyst might use correlation to identify the relationship between the returns of different stocks. This information could be used to build a portfolio of stocks that is diversified and has a lower overall risk, thus making predictions about the potential performance of the portfolio."
5. How is correlation used to develop causal models?,Correlation is used as a starting point for developing causal models by describing how changes in one variable cause changes in other variables. This information can be used to make more accurate predictions and develop interventions to change the values of specific variables.
6. Name four fields where correlation is commonly used and give an example of how it is applied in each field.,"1. Business: Correlation can be used to identify relationships between different business variables, such as sales, advertising spending, and customer satisfaction. For example, a marketing manager might use correlation to identify the relationship between advertising spending and sales to decide how much money to allocate to advertising.
2. Finance: Correlation can be used to identify relationships between different financial assets, such as stocks, bonds, and commodities. For example, a financial analyst might use correlation to identify the relationship between the returns of different stocks to build a diversified portfolio with lower overall risk.
3. Medicine: Correlation can be used to identify relationships between different medical variables, such as risk factors for diseases and the effectiveness of treatments. For example, a medical researcher might use correlation to identify the relationship between smoking and lung cancer to develop public health campaigns to discourage smoking.
4. Psychology: Correlation can be used to identify relationships between different psychological variables, such as personality traits, cognitive abilities, and mental disorders. For example, a psychologist might use correlation to identify the relationship between anxiety and depression to develop more effective treatments for anxiety and depression."
7. Explain the importance of noting that correlation does not equal causation with an example.,"It is important to note that correlation does not equal causation because just because two variables are correlated, it does not mean that one variable causes the other. For example, there is a strong correlation between ice cream sales and shark attacks. However, this does not mean that eating ice cream causes shark attacks. Instead, there is likely a third variable, such as hot weather, that causes both ice cream sales and shark attacks to increase. This example illustrates the importance of not assuming causation based solely on correlation."
8. How can correlation be used by a marketing manager in decision-making?,A marketing manager can use correlation to identify the relationship between advertising spending and sales. This information could be used to decide how much money to allocate to advertising.
9. How can a financial analyst use correlation to build a diversified portfolio?,"A financial analyst can use correlation to identify the relationship between the returns of different stocks. By analyzing the correlation between these stocks, the analyst can build a portfolio that is diversified and has a lower overall risk. This means that the analyst can select stocks that are not highly correlated with each other, reducing the risk of the entire portfolio being affected by a downturn in one particular stock."
10. How can correlation be used by a medical researcher to improve public health campaigns?,"A medical researcher can use correlation to identify the relationship between certain behaviors or risk factors (such as smoking) and specific health outcomes (such as lung cancer). By understanding this correlation, the researcher can then develop public health campaigns that aim to discourage the behavior or mitigate the risk factor in order to improve public health outcomes."
